{
  "0.0": {
    "0.0": {
      "avg_gini": 0.36715741925906664,
      "std_gini": 0.009605794821890057,
      "avg_mobility": 0.673,
      "avg_wealth": 25.203848871504466
    },
    "0.2": {
      "avg_gini": 0.3611801986545694,
      "std_gini": 0.0037948035253038137,
      "avg_mobility": 0.671,
      "avg_wealth": 24.40900472995566
    },
    "0.4": {
      "avg_gini": 0.3623016835160434,
      "std_gini": 0.004935462486306608,
      "avg_mobility": 0.655,
      "avg_wealth": 23.84298591527371
    },
    "0.6": {
      "avg_gini": 0.36939882277442126,
      "std_gini": 0.0014180359432315326,
      "avg_mobility": 0.631,
      "avg_wealth": 23.054777759334627
    }
  },
  "0.25": {
    "0.0": {
      "avg_gini": 0.037300228631818366,
      "std_gini": 0.0002436943169760175,
      "avg_mobility": 1.0,
      "avg_wealth": 20.718025503435438
    },
    "0.2": {
      "avg_gini": 0.03674286791330461,
      "std_gini": 0.00021590427421136482,
      "avg_mobility": 1.0,
      "avg_wealth": 20.2960267887171
    },
    "0.4": {
      "avg_gini": 0.03623005835380755,
      "std_gini": 0.0009161727233750749,
      "avg_mobility": 1.0,
      "avg_wealth": 19.806670022306978
    },
    "0.6": {
      "avg_gini": 0.036457114309150884,
      "std_gini": 5.243860695325342e-05,
      "avg_mobility": 1.0,
      "avg_wealth": 19.071828272906796
    }
  },
  "0.5": {
    "0.0": {
      "avg_gini": 0.07240877661113021,
      "std_gini": 0.00020866791451934485,
      "avg_mobility": 1.0,
      "avg_wealth": 20.555774097433776
    },
    "0.2": {
      "avg_gini": 0.07605464552623309,
      "std_gini": 2.3010993893568532e-05,
      "avg_mobility": 1.0,
      "avg_wealth": 20.1341097120536
    },
    "0.4": {
      "avg_gini": 0.07604460802099478,
      "std_gini": 0.0007561655029463266,
      "avg_mobility": 1.0,
      "avg_wealth": 19.65994730642573
    },
    "0.6": {
      "avg_gini": 0.07874073713701313,
      "std_gini": 0.00019139417430247274,
      "avg_mobility": 1.0,
      "avg_wealth": 18.956403209534436
    }
  }
}