{
  "redistribution_rates": [
    0.0,
    0.05,
    0.15,
    0.25,
    0.4,
    0.6
  ],
  "final_gini": [
    0.3926926794771206,
    0.1252214797087785,
    0.031233647595614755,
    0.03706428538745247,
    0.05717430281236865,
    0.08759370799147755
  ],
  "mean_gini": [
    0.35067667338585257,
    0.11941556098822716,
    0.0313350045943688,
    0.03680137135084546,
    0.05735456748866167,
    0.08749254322021276
  ],
  "std_gini": [
    0.006965386105385477,
    0.0019565367011084183,
    0.0005980485004216366,
    5.845083814938956e-05,
    0.00012425905111350822,
    0.0002709915462810214
  ],
  "mean_wealth": [
    24.728699440864073,
    21.280477226879402,
    20.088489295054234,
    20.056720896876776,
    20.16060283116758,
    19.597197867126077
  ],
  "upward_mobility": [
    0.645,
    0.9903333333333334,
    1.0,
    1.0,
    1.0,
    1.0
  ],
  "wealth_concentration_top10": [
    0.2867421186610037,
    0.1665924757111105,
    0.10927240370230198,
    0.11020077517680082,
    0.11799276147663422,
    0.13160731298550402
  ],
  "top_1_percent": [
    0.07357883285119246,
    0.027733488899836865,
    0.012020608192037811,
    0.01113183028737399,
    0.012020040068841971,
    0.013385141776068001
  ],
  "top_5_percent": [
    0.18557894271295558,
    0.09757454824551283,
    0.055711867372119826,
    0.05542143011125484,
    0.05956782122795116,
    0.06636054005133778
  ],
  "top_10_percent": [
    0.2867421186610037,
    0.1665924757111105,
    0.10927240370230201,
    0.11020077517680081,
    0.11799276147663422,
    0.13160731298550402
  ],
  "top_25_percent": [
    0.5020589443674637,
    0.3340932669630118,
    0.2670863111362766,
    0.27082391291814917,
    0.2859955790449246,
    0.3160023482143237
  ],
  "bottom_50_percent": [
    0.25255234507589547,
    0.4290616220164867,
    0.47813585473975917,
    0.47319922012893956,
    0.4577852710994895,
    0.43827904318347755
  ]
}